generated_summary,reference_summary
the laws of california u s a excluding califCalifornia s conflict of laws rules will apply to any disputes arising out of or relating to these terms or the services. All claims will be litigated exclusively in the federal or state courts of santa clara county.,the court of law governing the terms is in california.
since the like button is a little piece of facebook embedded on another website the browser is sending info about the request to load facebook content on that page. we record some of this info to help show you a personalized experience on that site and to improve our products. We record this information to help,this service tracks you on other websites.
you agree not to upload post or otherwise transmit any user content that violates or infringes in any way upon the rights of others including any statements which may defame harass stalk or threaten others. You agree to not upload posts or other content that may violate the right of others.,users agree not to submit libelous harassing or threatening content.
you re responsible for your conduct your stuff and you must comply with our acceptable use policy. please don t copy upload download or share content unless you have the right to do so. We respect the intellectual property of others and ask that you do too. We reserve the right.,you have to respect the content of others via the acceptable use policy and are responsible for any content you share. dropbox isn t liable for stuff you post on the site and can remove any copyright infringing material. also you must be over 13.
technical data which may include URL information and cookie data. Your ip address is your ip address and the types of devices you are using to access or connect to the service. The service is available only to users who use the service on their own devices. You can use your device to access the service,the service may use tracking pixels web beacons browser fingerprinting and or device fingerprinting on users.
tldr permits access to the sites subject to these terms and conditions. by using the sites you agree to be bound by these terms. if you do not agree with these terms then you are not entitled to use the sites. tldr reserves the right to change these terms without notice.,by using tldrlegal you agree to these terms. we can revise these terms.
"any other information requested such as your real name is optional unless you are accepting these terms on behalf of a legal entity in which case we need more information about the legal entity. If you opt for a paid account, additional information will be necessary for billing purposes.",you agree to provide your full legal name when you register to the service. it does not prevent you from using a pseudonym.
you agree that i the service shall be deemed solely based in california and ii the service is deemed a passive website that does not give rise to personal jurisdiction over youtube either specific or general in jurisdictions other than California. youtube reserves the right to amend these terms of service at any time and without,the jurisdiction is california.
if you choose to create an account then the minimum we ask is that you choose a unique username and password. Use a web browser that accepts session cookies and provide a verified email address. If you want to use the service we ask that you use a browser that accept session cookies.,the service allows you to use pseudonyms.
22 4 if any provision of these terms is held to be invalid or unenforceable such provision will be struck and will not affect the validity and enforceability of the remaining provisions. The terms will not change the validity of the remainder of the terms. If the terms are held to the invalid or,invalidity of any portion of the terms of service does not entail invalidity of its remainder.
